"Produkt_Code","SDO_ID","Zeitstempel","Wert","Qualitaet_Byte","Qualitaet_Niveau"
"TT_TU_MN009","1443","202011300000","-3.4","1","0"
"TT_TU_MN009","1443","202011300100","-4.3","1","0"
"TT_TU_MN009","1443","202011300200","-4.8","1","0"
"TT_TU_MN009","1443","202011300300","-4.5","1","0"
"TT_TU_MN009","1443","202011300400","-5.4","1","0"
"TT_TU_MN009","1443","202011300500","-5.1","1","0"
"TT_TU_MN009","1443","202011300600","-5.7","1","0"
"TT_TU_MN009","1443","202011300700","-4.5","1","0"
"TT_TU_MN009","1443","202011300800","-3.7","1","0"
"TT_TU_MN009","1443","202011300900","-1.8","1","0"
"TT_TU_MN009","1443","202011301000","0.7","1","0"
"TT_TU_MN009","1443","202011301100","1.9","1","0"
"TT_TU_MN009","1443","202011301200","2.5","1","0"
"TT_TU_MN009","1443","202011301300","2.9","1","0"
"TT_TU_MN009","1443","202011301400","3","1","0"
"TT_TU_MN009","1443","202011301500","2.7","1","0"
"TT_TU_MN009","1443","202011301600","0.5","1","0"
"TT_TU_MN009","1443","202011301700","0.7","1","0"
"TT_TU_MN009","1443","202011301800","0","1","0"
"TT_TU_MN009","1443","202011301900","0.1","1","0"
"TT_TU_MN009","1443","202011302000","0.3","1","0"
"TT_TU_MN009","1443","202011302100","-1.8","1","0"
"TT_TU_MN009","1443","202011302200","-2.5","1","0"
"TT_TU_MN009","1443","202011302300","-1.2","1","0"
"TT_TU_MN009","1443","202012010000","0.6","1","0"
"TT_TU_MN009","1443","202012010100","0.9","1","0"
"TT_TU_MN009","1443","202012010200","1.3","1","0"
"TT_TU_MN009","1443","202012010300","2.8","1","0"
"TT_TU_MN009","1443","202012010400","3.5","1","0"
"TT_TU_MN009","1443","202012010500","3.8","1","0"
"TT_TU_MN009","1443","202012010600","1.6","1","0"
"TT_TU_MN009","1443","202012010700","1.1","1","0"
"TT_TU_MN009","1443","202012010800","1.7","1","0"
"TT_TU_MN009","1443","202012010900","1.6","1","0"
"TT_TU_MN009","1443","202012011000","2.1","1","0"
"TT_TU_MN009","1443","202012011100","2.5","1","0"
"TT_TU_MN009","1443","202012011200","3","1","0"
"TT_TU_MN009","1443","202012011300","3.1","1","0"
"TT_TU_MN009","1443","202012011400","3.5","1","0"
"TT_TU_MN009","1443","202012011500","3.1","1","0"
"TT_TU_MN009","1443","202012011600","2.7","1","0"
"TT_TU_MN009","1443","202012011700","2.7","1","0"
"TT_TU_MN009","1443","202012011800","2.6","1","0"
"TT_TU_MN009","1443","202012011900","2.3","1","0"
"TT_TU_MN009","1443","202012012000","1.6","1","0"
"TT_TU_MN009","1443","202012012100","2","1","0"
"TT_TU_MN009","1443","202012012200","1.7","1","0"
"TT_TU_MN009","1443","202012012300","1.7","1","0"
"TT_TU_MN009","1443","202012020000","1","1","0"
"TT_TU_MN009","1443","202012020100","0.9","1","0"
"TT_TU_MN009","1443","202012020200","1.2","1","0"
"TT_TU_MN009","1443","202012020300","1.3","1","0"
"TT_TU_MN009","1443","202012020400","1.4","1","0"
"TT_TU_MN009","1443","202012020500","1.6","1","0"
"TT_TU_MN009","1443","202012020600","1.8","1","0"
"TT_TU_MN009","1443","202012020700","2","1","0"
"TT_TU_MN009","1443","202012020800","2","1","0"
"TT_TU_MN009","1443","202012020900","2.2","1","0"
"TT_TU_MN009","1443","202012021000","2.5","1","0"
"TT_TU_MN009","1443","202012021100","2.7","1","0"
"TT_TU_MN009","1443","202012021200","3.6","1","0"
"TT_TU_MN009","1443","202012021300","3.9","1","0"
"TT_TU_MN009","1443","202012021400","4","1","0"
"TT_TU_MN009","1443","202012021500","3.6","1","0"
"TT_TU_MN009","1443","202012021600","2.8","1","0"
"TT_TU_MN009","1443","202012021700","2.4","1","0"
"TT_TU_MN009","1443","202012021800","2","1","0"
"TT_TU_MN009","1443","202012021900","1.9","1","0"
"TT_TU_MN009","1443","202012022000","1.9","1","0"
"TT_TU_MN009","1443","202012022100","1.7","1","0"
"TT_TU_MN009","1443","202012022200","1.5","1","0"
"TT_TU_MN009","1443","202012022300","1.3","1","0"
"TT_TU_MN009","1443","202012030000","0.8","1","0"
"TT_TU_MN009","1443","202012030100","1.3","1","0"
"TT_TU_MN009","1443","202012030200","1.5","1","0"
"TT_TU_MN009","1443","202012030300","1.2","1","0"
"TT_TU_MN009","1443","202012030400","1.1","1","0"
"TT_TU_MN009","1443","202012030500","0.9","1","0"
"TT_TU_MN009","1443","202012030600","1.9","1","0"
"TT_TU_MN009","1443","202012030700","2.9","1","0"
"TT_TU_MN009","1443","202012030800","3","1","0"
"TT_TU_MN009","1443","202012030900","3.4","1","0"
"TT_TU_MN009","1443","202012031000","4.2","1","0"
"TT_TU_MN009","1443","202012031100","4.6","1","0"
"TT_TU_MN009","1443","202012031200","4.7","1","0"
"TT_TU_MN009","1443","202012031300","6.1","1","0"
"TT_TU_MN009","1443","202012031400","6.8","1","0"
"TT_TU_MN009","1443","202012031500","6","1","0"
"TT_TU_MN009","1443","202012031600","5.1","1","0"
"TT_TU_MN009","1443","202012031700","4.4","1","0"
"TT_TU_MN009","1443","202012031800","4.7","1","0"
"TT_TU_MN009","1443","202012031900","4.7","1","0"
"TT_TU_MN009","1443","202012032000","4.6","1","0"
"TT_TU_MN009","1443","202012032100","4","1","0"
"TT_TU_MN009","1443","202012032200","3.8","1","0"
"TT_TU_MN009","1443","202012032300","3.3","1","0"
"TT_TU_MN009","1443","202012040000","4.3","1","0"
"TT_TU_MN009","1443","202012040100","4.8","1","0"
"TT_TU_MN009","1443","202012040200","8.9","1","0"
"TT_TU_MN009","1443","202012040300","7.5","1","0"
"TT_TU_MN009","1443","202012040400","8.3","1","0"
"TT_TU_MN009","1443","202012040500","8.7","1","0"
"TT_TU_MN009","1443","202012040600","8.6","1","0"
"TT_TU_MN009","1443","202012040700","7.8","1","0"
"TT_TU_MN009","1443","202012040800","6.4","1","0"
"TT_TU_MN009","1443","202012040900","6.3","1","0"
"TT_TU_MN009","1443","202012041000","5.1","1","0"
"TT_TU_MN009","1443","202012041100","5.3","1","0"
"TT_TU_MN009","1443","202012041200","5.7","1","0"
"TT_TU_MN009","1443","202012041300","5.4","1","0"
"TT_TU_MN009","1443","202012041400","4.9","1","0"
"TT_TU_MN009","1443","202012041500","5.1","1","0"
"TT_TU_MN009","1443","202012041600","5.1","1","0"
"TT_TU_MN009","1443","202012041700","4.3","1","0"
"TT_TU_MN009","1443","202012041800","4","1","0"
"TT_TU_MN009","1443","202012041900","3.7","1","0"
"TT_TU_MN009","1443","202012042000","3.4","1","0"
"TT_TU_MN009","1443","202012042100","3.2","1","0"
"TT_TU_MN009","1443","202012042200","3.4","1","0"
"TT_TU_MN009","1443","202012042300","3.2","1","0"
"TT_TU_MN009","1443","202012050000","2.9","1","0"
"TT_TU_MN009","1443","202012050100","2.2","1","0"
"TT_TU_MN009","1443","202012050200","2","1","0"
"TT_TU_MN009","1443","202012050300","2.8","1","0"
"TT_TU_MN009","1443","202012050400","3.3","1","0"
"TT_TU_MN009","1443","202012050500","3.9","1","0"
"TT_TU_MN009","1443","202012050600","4","1","0"
"TT_TU_MN009","1443","202012050700","3.2","1","0"
"TT_TU_MN009","1443","202012050800","3","1","0"
"TT_TU_MN009","1443","202012050900","2.8","1","0"
"TT_TU_MN009","1443","202012051000","4.4","1","0"
"TT_TU_MN009","1443","202012051100","4.4","1","0"
"TT_TU_MN009","1443","202012051200","4.8","1","0"
"TT_TU_MN009","1443","202012051300","4.9","1","0"
"TT_TU_MN009","1443","202012051400","4.4","1","0"
"TT_TU_MN009","1443","202012051500","3.6","1","0"
"TT_TU_MN009","1443","202012051600","3.5","1","0"
"TT_TU_MN009","1443","202012051700","3.7","1","0"
"TT_TU_MN009","1443","202012051800","3.6","1","0"
"TT_TU_MN009","1443","202012051900","3.6","1","0"
"TT_TU_MN009","1443","202012052000","3.4","1","0"
"TT_TU_MN009","1443","202012052100","3.4","1","0"
"TT_TU_MN009","1443","202012052200","3.4","1","0"
"TT_TU_MN009","1443","202012052300","3.2","1","0"
"TT_TU_MN009","1443","202012060000","3.3","1","0"
"TT_TU_MN009","1443","202012060100","3.2","1","0"
"TT_TU_MN009","1443","202012060200","3.2","1","0"
"TT_TU_MN009","1443","202012060300","3.3","1","0"
"TT_TU_MN009","1443","202012060400","3.2","1","0"
"TT_TU_MN009","1443","202012060500","3.3","1","0"
"TT_TU_MN009","1443","202012060600","3.2","1","0"
"TT_TU_MN009","1443","202012060700","3.3","1","0"
"TT_TU_MN009","1443","202012060800","3.4","1","0"
"TT_TU_MN009","1443","202012060900","3.7","1","0"
"TT_TU_MN009","1443","202012061000","4.1","1","0"
"TT_TU_MN009","1443","202012061100","4.4","1","0"
"TT_TU_MN009","1443","202012061200","4.6","1","0"
"TT_TU_MN009","1443","202012061300","4.7","1","0"
"TT_TU_MN009","1443","202012061400","4.7","1","0"
"TT_TU_MN009","1443","202012061500","4.7","1","0"
"TT_TU_MN009","1443","202012061600","4.8","1","0"
"TT_TU_MN009","1443","202012061700","4.1","1","0"
"TT_TU_MN009","1443","202012061800","4.4","1","0"
"TT_TU_MN009","1443","202012061900","4","1","0"
"TT_TU_MN009","1443","202012062000","4","1","0"
"TT_TU_MN009","1443","202012062100","4","1","0"
"TT_TU_MN009","1443","202012062200","3.5","1","0"
"TT_TU_MN009","1443","202012062300","3.3","1","0"
"TT_TU_MN009","1443","202012070000","3.7","1","0"
"TT_TU_MN009","1443","202012070100","3.4","1","0"
"TT_TU_MN009","1443","202012070200","3.7","1","0"
"TT_TU_MN009","1443","202012070300","3.4","1","0"
"TT_TU_MN009","1443","202012070400","3.8","1","0"
"TT_TU_MN009","1443","202012070500","3.9","1","0"
"TT_TU_MN009","1443","202012070600","3.8","1","0"
"TT_TU_MN009","1443","202012070700","3.8","1","0"
"TT_TU_MN009","1443","202012070800","3.8","1","0"
"TT_TU_MN009","1443","202012070900","4.4","1","0"
"TT_TU_MN009","1443","202012071000","4.6","1","0"
"TT_TU_MN009","1443","202012071100","5.7","1","0"
"TT_TU_MN009","1443","202012071200","6","1","0"
"TT_TU_MN009","1443","202012071300","6.4","1","0"
"TT_TU_MN009","1443","202012071400","5.7","1","0"
"TT_TU_MN009","1443","202012071500","5.6","1","0"
"TT_TU_MN009","1443","202012071600","5.2","1","0"
"TT_TU_MN009","1443","202012071700","4.3","1","0"
"TT_TU_MN009","1443","202012071800","4.5","1","0"
"TT_TU_MN009","1443","202012071900","3.7","1","0"
"TT_TU_MN009","1443","202012072000","1.2","1","0"
"TT_TU_MN009","1443","202012072100","-0.1","1","0"
"TT_TU_MN009","1443","202012072200","0.1","1","0"
"TT_TU_MN009","1443","202012072300","-0.1","1","0"
"TT_TU_MN009","1443","202012080000","0.8","1","0"
"TT_TU_MN009","1443","202012080100","1.1","1","0"
"TT_TU_MN009","1443","202012080200","0.8","1","0"
"TT_TU_MN009","1443","202012080300","0.8","1","0"
"TT_TU_MN009","1443","202012080400","1.2","1","0"
"TT_TU_MN009","1443","202012080500","0.3","1","0"
"TT_TU_MN009","1443","202012080600","-0.1","1","0"
"TT_TU_MN009","1443","202012080700","-0.5","1","0"
"TT_TU_MN009","1443","202012080800","-0.5","1","0"
"TT_TU_MN009","1443","202012080900","0.6","1","0"
"TT_TU_MN009","1443","202012081000","2.1","1","0"
"TT_TU_MN009","1443","202012081100","1","1","0"
"TT_TU_MN009","1443","202012081200","1.3","1","0"
"TT_TU_MN009","1443","202012081300","1","1","0"
"TT_TU_MN009","1443","202012081400","1.1","1","0"
"TT_TU_MN009","1443","202012081500","1.2","1","0"
"TT_TU_MN009","1443","202012081600","1.1","1","0"
"TT_TU_MN009","1443","202012081700","0.9","1","0"
"TT_TU_MN009","1443","202012081800","1.3","1","0"
"TT_TU_MN009","1443","202012081900","1.8","1","0"
"TT_TU_MN009","1443","202012082000","2","1","0"
"TT_TU_MN009","1443","202012082100","1.5","1","0"
"TT_TU_MN009","1443","202012082200","1.4","1","0"
"TT_TU_MN009","1443","202012082300","1.6","1","0"
"TT_TU_MN009","1443","202012090000","1.5","1","0"
"TT_TU_MN009","1443","202012090100","1.7","1","0"
"TT_TU_MN009","1443","202012090200","1.8","1","0"
"TT_TU_MN009","1443","202012090300","1.8","1","0"
"TT_TU_MN009","1443","202012090400","1.8","1","0"
"TT_TU_MN009","1443","202012090500","2","1","0"
"TT_TU_MN009","1443","202012090600","2","1","0"
"TT_TU_MN009","1443","202012090700","2","1","0"
"TT_TU_MN009","1443","202012090800","2.2","1","0"
"TT_TU_MN009","1443","202012090900","2.4","1","0"
"TT_TU_MN009","1443","202012091000","2.9","1","0"
"TT_TU_MN009","1443","202012091100","3","1","0"
"TT_TU_MN009","1443","202012091200","2.9","1","0"
"TT_TU_MN009","1443","202012091300","2.7","1","0"
"TT_TU_MN009","1443","202012091400","2.8","1","0"
"TT_TU_MN009","1443","202012091500","2.8","1","0"
"TT_TU_MN009","1443","202012091600","2.5","1","0"
"TT_TU_MN009","1443","202012091700","1.6","1","0"
"TT_TU_MN009","1443","202012091800","1.3","1","0"
"TT_TU_MN009","1443","202012091900","1.1","1","0"
"TT_TU_MN009","1443","202012092000","1.2","1","0"
"TT_TU_MN009","1443","202012092100","1.5","1","0"
"TT_TU_MN009","1443","202012092200","1.7","1","0"
"TT_TU_MN009","1443","202012092300","1.2","1","0"
"TT_TU_MN009","1443","202012100000","1.2","1","0"
"TT_TU_MN009","1443","202012100100","0.7","1","0"
"TT_TU_MN009","1443","202012100200","0.8","1","0"
"TT_TU_MN009","1443","202012100300","0.6","1","0"
"TT_TU_MN009","1443","202012100400","1","1","0"
"TT_TU_MN009","1443","202012100500","0.7","1","0"
"TT_TU_MN009","1443","202012100600","0.4","1","0"
"TT_TU_MN009","1443","202012100700","-1.1","1","0"
"TT_TU_MN009","1443","202012100800","-0.1","1","0"
"TT_TU_MN009","1443","202012100900","0.6","1","0"
"TT_TU_MN009","1443","202012101000","1.6","1","0"
"TT_TU_MN009","1443","202012101100","1.7","1","0"
"TT_TU_MN009","1443","202012101200","2.3","1","0"
"TT_TU_MN009","1443","202012101300","2.4","1","0"
"TT_TU_MN009","1443","202012101400","2.4","1","0"
"TT_TU_MN009","1443","202012101500","2.4","1","0"
"TT_TU_MN009","1443","202012101600","2.2","1","0"
"TT_TU_MN009","1443","202012101700","2.3","1","0"
"TT_TU_MN009","1443","202012101800","2","1","0"
"TT_TU_MN009","1443","202012101900","0.3","1","0"
"TT_TU_MN009","1443","202012102000","-0.1","1","0"
"TT_TU_MN009","1443","202012102100","-1.8","1","0"
"TT_TU_MN009","1443","202012102200","-2","1","0"
"TT_TU_MN009","1443","202012102300","-1.1","1","0"
"TT_TU_MN009","1443","202012110000","-2","1","0"
"TT_TU_MN009","1443","202012110100","-3.3","1","0"
"TT_TU_MN009","1443","202012110200","-3.6","1","0"
"TT_TU_MN009","1443","202012110300","-3.5","1","0"
"TT_TU_MN009","1443","202012110400","-2.7","1","0"
"TT_TU_MN009","1443","202012110500","-2.1","1","0"
"TT_TU_MN009","1443","202012110600","-1.4","1","0"
"TT_TU_MN009","1443","202012110700","-1.9","1","0"
"TT_TU_MN009","1443","202012110800","-1.9","1","0"
"TT_TU_MN009","1443","202012110900","-0.4","1","0"
"TT_TU_MN009","1443","202012111000","0.3","1","0"
"TT_TU_MN009","1443","202012111100","2","1","0"
"TT_TU_MN009","1443","202012111200","2.6","1","0"
"TT_TU_MN009","1443","202012111300","2.9","1","0"
"TT_TU_MN009","1443","202012111400","4.2","1","0"
"TT_TU_MN009","1443","202012111500","6.7","1","0"
"TT_TU_MN009","1443","202012111600","8.2","1","0"
"TT_TU_MN009","1443","202012111700","8","1","0"
"TT_TU_MN009","1443","202012111800","4.9","1","0"
"TT_TU_MN009","1443","202012111900","4.8","1","0"
"TT_TU_MN009","1443","202012112000","4.5","1","0"
"TT_TU_MN009","1443","202012112100","4.3","1","0"
"TT_TU_MN009","1443","202012112200","4.1","1","0"
"TT_TU_MN009","1443","202012112300","4.1","1","0"
"TT_TU_MN009","1443","202012120000","5.8","1","0"
"TT_TU_MN009","1443","202012120100","8.4","1","0"
"TT_TU_MN009","1443","202012120200","8.3","1","0"
"TT_TU_MN009","1443","202012120300","7.3","1","0"
"TT_TU_MN009","1443","202012120400","7","1","0"
"TT_TU_MN009","1443","202012120500","6.5","1","0"
"TT_TU_MN009","1443","202012120600","6.8","1","0"
"TT_TU_MN009","1443","202012120700","7.1","1","0"
"TT_TU_MN009","1443","202012120800","7.6","1","0"
"TT_TU_MN009","1443","202012120900","8","1","0"
"TT_TU_MN009","1443","202012121000","8.3","1","0"
"TT_TU_MN009","1443","202012121100","8.6","1","0"
"TT_TU_MN009","1443","202012121200","9.1","1","0"
"TT_TU_MN009","1443","202012121300","8.9","1","0"
"TT_TU_MN009","1443","202012121400","8.8","1","0"
"TT_TU_MN009","1443","202012121500","8.6","1","0"
"TT_TU_MN009","1443","202012121600","8.3","1","0"
"TT_TU_MN009","1443","202012121700","7.9","1","0"
"TT_TU_MN009","1443","202012121800","7.8","1","0"
"TT_TU_MN009","1443","202012121900","8","1","0"
"TT_TU_MN009","1443","202012122000","7.9","1","0"
"TT_TU_MN009","1443","202012122100","7.9","1","0"
"TT_TU_MN009","1443","202012122200","8","1","0"
"TT_TU_MN009","1443","202012122300","7.8","1","0"
"TT_TU_MN009","1443","202012130000","7.5","1","0"
"TT_TU_MN009","1443","202012130100","7.6","1","0"
"TT_TU_MN009","1443","202012130200","7.4","1","0"
"TT_TU_MN009","1443","202012130300","7.3","1","0"
"TT_TU_MN009","1443","202012130400","7.2","1","0"
"TT_TU_MN009","1443","202012130500","7.4","1","0"
"TT_TU_MN009","1443","202012130600","7","1","0"
"TT_TU_MN009","1443","202012130700","6.8","1","0"
"TT_TU_MN009","1443","202012130800","6.4","1","0"
"TT_TU_MN009","1443","202012130900","6.4","1","0"
"TT_TU_MN009","1443","202012131000","6.2","1","0"
"TT_TU_MN009","1443","202012131100","6.5","1","0"
"TT_TU_MN009","1443","202012131200","7.9","1","0"
"TT_TU_MN009","1443","202012131300","7.9","1","0"
"TT_TU_MN009","1443","202012131400","7.4","1","0"
"TT_TU_MN009","1443","202012131500","7.3","1","0"
"TT_TU_MN009","1443","202012131600","6","1","0"
"TT_TU_MN009","1443","202012131700","5.9","1","0"
"TT_TU_MN009","1443","202012131800","6","1","0"
"TT_TU_MN009","1443","202012131900","5.6","1","0"
"TT_TU_MN009","1443","202012132000","3.8","1","0"
"TT_TU_MN009","1443","202012132100","4.3","1","0"
"TT_TU_MN009","1443","202012132200","4","1","0"
"TT_TU_MN009","1443","202012132300","2.1","1","0"
"TT_TU_MN009","1443","202012140000","1.7","1","0"
"TT_TU_MN009","1443","202012140100","0.3","1","0"
"TT_TU_MN009","1443","202012140200","0.1","1","0"
"TT_TU_MN009","1443","202012140300","0.6","1","0"
"TT_TU_MN009","1443","202012140400","-0.3","1","0"
"TT_TU_MN009","1443","202012140500","-0.3","1","0"
"TT_TU_MN009","1443","202012140600","-0.2","1","0"
"TT_TU_MN009","1443","202012140700","-0.6","1","0"
"TT_TU_MN009","1443","202012140800","0.7","1","0"
"TT_TU_MN009","1443","202012140900","2.9","1","0"
"TT_TU_MN009","1443","202012141000","5.4","1","0"
"TT_TU_MN009","1443","202012141100","7.6","1","0"
"TT_TU_MN009","1443","202012141200","8.8","1","0"
"TT_TU_MN009","1443","202012141300","9","1","0"
"TT_TU_MN009","1443","202012141400","9.5","1","0"
"TT_TU_MN009","1443","202012141500","8.2","1","0"
"TT_TU_MN009","1443","202012141600","6.7","1","0"
"TT_TU_MN009","1443","202012141700","7.2","1","0"
"TT_TU_MN009","1443","202012141800","4.6","1","0"
"TT_TU_MN009","1443","202012141900","4.2","1","0"
"TT_TU_MN009","1443","202012142000","4.1","1","0"
"TT_TU_MN009","1443","202012142100","3.3","1","0"
"TT_TU_MN009","1443","202012142200","3","1","0"
"TT_TU_MN009","1443","202012142300","2.4","1","0"
"TT_TU_MN009","1443","202012150000","3.8","1","0"
"TT_TU_MN009","1443","202012150100","4.4","1","0"
"TT_TU_MN009","1443","202012150200","4.4","1","0"
"TT_TU_MN009","1443","202012150300","5.1","1","0"
"TT_TU_MN009","1443","202012150400","4.8","1","0"
"TT_TU_MN009","1443","202012150500","5","1","0"
"TT_TU_MN009","1443","202012150600","5.1","1","0"
"TT_TU_MN009","1443","202012150700","4.8","1","0"
"TT_TU_MN009","1443","202012150800","5","1","0"
"TT_TU_MN009","1443","202012150900","6","1","0"
"TT_TU_MN009","1443","202012151000","6.4","1","0"
"TT_TU_MN009","1443","202012151100","7.3","1","0"
"TT_TU_MN009","1443","202012151200","8.1","1","0"
"TT_TU_MN009","1443","202012151300","9.6","1","0"
"TT_TU_MN009","1443","202012151400","10.8","1","0"
"TT_TU_MN009","1443","202012151500","10.2","1","0"
"TT_TU_MN009","1443","202012151600","10.5","1","0"
"TT_TU_MN009","1443","202012151700","10.3","1","0"
"TT_TU_MN009","1443","202012151800","9.2","1","0"
"TT_TU_MN009","1443","202012151900","8","1","0"
"TT_TU_MN009","1443","202012152000","8.7","1","0"
"TT_TU_MN009","1443","202012152100","7.3","1","0"
"TT_TU_MN009","1443","202012152200","6","1","0"
"TT_TU_MN009","1443","202012152300","6.6","1","0"
"TT_TU_MN009","1443","202012160000","4.8","1","0"
"TT_TU_MN009","1443","202012160100","5.2","1","0"
"TT_TU_MN009","1443","202012160200","5.9","1","0"
"TT_TU_MN009","1443","202012160300","5.5","1","0"
"TT_TU_MN009","1443","202012160400","6.1","1","0"
"TT_TU_MN009","1443","202012160500","6.1","1","0"
"TT_TU_MN009","1443","202012160600","5.2","1","0"
"TT_TU_MN009","1443","202012160700","5.9","1","0"
"TT_TU_MN009","1443","202012160800","5.2","1","0"
"TT_TU_MN009","1443","202012160900","6.6","1","0"
"TT_TU_MN009","1443","202012161000","7.7","1","0"
"TT_TU_MN009","1443","202012161100","8.9","1","0"
"TT_TU_MN009","1443","202012161200","9.3","1","0"
"TT_TU_MN009","1443","202012161300","9.5","1","0"
"TT_TU_MN009","1443","202012161400","10.3","1","0"
"TT_TU_MN009","1443","202012161500","8.8","1","0"
"TT_TU_MN009","1443","202012161600","7.2","1","0"
"TT_TU_MN009","1443","202012161700","5.7","1","0"
"TT_TU_MN009","1443","202012161800","5.4","1","0"
"TT_TU_MN009","1443","202012161900","5.6","1","0"
"TT_TU_MN009","1443","202012162000","5.4","1","0"
"TT_TU_MN009","1443","202012162100","3.7","1","0"
"TT_TU_MN009","1443","202012162200","3","1","0"
"TT_TU_MN009","1443","202012162300","4.3","1","0"
"TT_TU_MN009","1443","202012170000","2.9","1","0"
"TT_TU_MN009","1443","202012170100","2.8","1","0"
"TT_TU_MN009","1443","202012170200","1.6","1","0"
"TT_TU_MN009","1443","202012170300","1.6","1","0"
"TT_TU_MN009","1443","202012170400","2.5","1","0"
"TT_TU_MN009","1443","202012170500","3.6","1","0"
"TT_TU_MN009","1443","202012170600","6.7","1","0"
"TT_TU_MN009","1443","202012170700","10.2","1","0"
"TT_TU_MN009","1443","202012170800","11.1","1","0"
"TT_TU_MN009","1443","202012170900","11.6","1","0"
"TT_TU_MN009","1443","202012171000","12.1","1","0"
"TT_TU_MN009","1443","202012171100","12.2","1","0"
"TT_TU_MN009","1443","202012171200","12","1","0"
"TT_TU_MN009","1443","202012171300","11.5","1","0"
"TT_TU_MN009","1443","202012171400","10.8","1","0"
"TT_TU_MN009","1443","202012171500","10.5","1","0"
"TT_TU_MN009","1443","202012171600","9.9","1","0"
"TT_TU_MN009","1443","202012171700","9.1","1","0"
"TT_TU_MN009","1443","202012171800","8.7","1","0"
"TT_TU_MN009","1443","202012171900","7.5","1","0"
"TT_TU_MN009","1443","202012172000","6.9","1","0"
"TT_TU_MN009","1443","202012172100","7.1","1","0"
"TT_TU_MN009","1443","202012172200","6.5","1","0"
"TT_TU_MN009","1443","202012172300","6.4","1","0"
"TT_TU_MN009","1443","202012180000","5.4","1","0"
"TT_TU_MN009","1443","202012180100","5.5","1","0"
"TT_TU_MN009","1443","202012180200","5.4","1","0"
"TT_TU_MN009","1443","202012180300","5","1","0"
"TT_TU_MN009","1443","202012180400","5.8","1","0"
"TT_TU_MN009","1443","202012180500","5.2","1","0"
"TT_TU_MN009","1443","202012180600","5","1","0"
"TT_TU_MN009","1443","202012180700","3.5","1","0"
"TT_TU_MN009","1443","202012180800","3.6","1","0"
"TT_TU_MN009","1443","202012180900","5.1","1","0"
"TT_TU_MN009","1443","202012181000","6.5","1","0"
"TT_TU_MN009","1443","202012181100","8.4","1","0"
"TT_TU_MN009","1443","202012181200","9.4","1","0"
"TT_TU_MN009","1443","202012181300","10.2","1","0"
"TT_TU_MN009","1443","202012181400","10.4","1","0"
"TT_TU_MN009","1443","202012181500","9.4","1","0"
"TT_TU_MN009","1443","202012181600","6.8","1","0"
"TT_TU_MN009","1443","202012181700","8.8","1","0"
"TT_TU_MN009","1443","202012181800","7.6","1","0"
"TT_TU_MN009","1443","202012181900","7.3","1","0"
"TT_TU_MN009","1443","202012182000","7","1","0"
"TT_TU_MN009","1443","202012182100","6.4","1","0"
"TT_TU_MN009","1443","202012182200","4.5","1","0"
"TT_TU_MN009","1443","202012182300","4.9","1","0"
"TT_TU_MN009","1443","202012190000","4.8","1","0"
"TT_TU_MN009","1443","202012190100","5.6","1","0"
"TT_TU_MN009","1443","202012190200","4.8","1","0"
"TT_TU_MN009","1443","202012190300","4.6","1","0"
"TT_TU_MN009","1443","202012190400","4.4","1","0"
"TT_TU_MN009","1443","202012190500","1.8","1","0"
"TT_TU_MN009","1443","202012190600","2.3","1","0"
"TT_TU_MN009","1443","202012190700","2.6","1","0"
"TT_TU_MN009","1443","202012190800","2.2","1","0"
"TT_TU_MN009","1443","202012190900","3.3","1","0"
"TT_TU_MN009","1443","202012191000","5.1","1","0"
"TT_TU_MN009","1443","202012191100","6.4","1","0"
"TT_TU_MN009","1443","202012191200","7.2","1","0"
"TT_TU_MN009","1443","202012191300","7.9","1","0"
"TT_TU_MN009","1443","202012191400","7.5","1","0"
"TT_TU_MN009","1443","202012191500","7.4","1","0"
"TT_TU_MN009","1443","202012191600","7.1","1","0"
"TT_TU_MN009","1443","202012191700","7","1","0"
"TT_TU_MN009","1443","202012191800","6.9","1","0"
"TT_TU_MN009","1443","202012191900","6.5","1","0"
"TT_TU_MN009","1443","202012192000","7","1","0"
"TT_TU_MN009","1443","202012192100","6.9","1","0"
"TT_TU_MN009","1443","202012192200","6.8","1","0"
"TT_TU_MN009","1443","202012192300","5.9","1","0"
"TT_TU_MN009","1443","202012200000","6.2","1","0"
"TT_TU_MN009","1443","202012200100","6.3","1","0"
"TT_TU_MN009","1443","202012200200","5.8","1","0"
"TT_TU_MN009","1443","202012200300","6.8","1","0"
"TT_TU_MN009","1443","202012200400","6.2","1","0"
"TT_TU_MN009","1443","202012200500","6.2","1","0"
"TT_TU_MN009","1443","202012200600","6","1","0"
"TT_TU_MN009","1443","202012200700","8.4","1","0"
"TT_TU_MN009","1443","202012200800","10","1","0"
"TT_TU_MN009","1443","202012200900","8.2","1","0"
"TT_TU_MN009","1443","202012201000","9.7","1","0"
"TT_TU_MN009","1443","202012201100","11.4","1","0"
"TT_TU_MN009","1443","202012201200","11","1","0"
"TT_TU_MN009","1443","202012201300","10.7","1","0"
"TT_TU_MN009","1443","202012201400","10.5","1","0"
"TT_TU_MN009","1443","202012201500","10","1","0"
"TT_TU_MN009","1443","202012201600","9.8","1","0"
"TT_TU_MN009","1443","202012201700","9.7","1","0"
"TT_TU_MN009","1443","202012201800","9.6","1","0"
"TT_TU_MN009","1443","202012201900","9.5","1","0"
"TT_TU_MN009","1443","202012202000","9.6","1","0"
"TT_TU_MN009","1443","202012202100","10","1","0"
"TT_TU_MN009","1443","202012202200","9.8","1","0"
"TT_TU_MN009","1443","202012202300","9.6","1","0"
